259,183,4,459
320,239,366,93,491,27,158,5,555
94,29,474,127,6
86,507,458,478,7,572
448,254,161,8,298
176,450,11,268,442
12,50,208,355,389,190
222,13,115,454,131
61,296,14,303
39,162,523,15
107,17,426,548
74,528,542,18,234,369,49
323,85,19,328,265
241,537,22,531
23,255,226,140,282,124,449
419,67,427,170,336,51,417,25,465,104,292,351,288,263,64,182,408
200,26,412,212,246,560
333,184,36,403
317,227,40,238
414,275,410,196,421,109,406,41
342,165,166,47,253
98,54,152,128,520
56,211,188,174,485
57,532,396,567
58,287,81,509,316,151,297,469
60,367,493,313,558,299,237
139,319,470,381,362,62,138
327,569,65,487
360,120,181,522,66
69,431,341,88
242,72,356,475
262,243,413,76
477,77,436,214
204,500,543,78,433,489,471
306,229,113,79
425,101,135,472,515,80
83,269,194,233
84,530,154,382
249,133,87,377
357,305,168,466,89
111,310,525,563
112,295,264,533
434,446,358,118
325,119,521,250,191,261
300,156,372,266,205,132,122
438,123,312,318
385,294,177,231,258,125
420,534,456,129,345,518
136,257,213,524,374,365,578,399,302,404
245,546,568,137,547
540,405,375,256,228,422,529,147,307
443,286,148,484,550
411,159,248,498,519
335,167,397,570
401,180,220,175
545,461,195,553,462,289
202,230,247,379
284,206,364,539
476,321,223,380,370,347
415,544,354,270
453,348,428,280
329,344,510,418,517
481,337,338,393
492,577,556,390,506
68,394,291,293,96,32,97,55,562,277,349,34,35,271,473,331,172,494,334,505,103,142,552,451,496,343,173,424,42,359,150,278,143,400,189,488,43,199,445,44,511,215,332,201,460,145,301,106,490,216,126,480,463,235,210,3,163,192,217,236,290,53,149
218,432,21,363,285,513,514,535,441,340,141,457,99,398,536,565,219,16,10,197,554,117,435,90,486,437,279,574,207,439,557,512,1,160,46,232,209,28,447,361,48,549,326,203,551,108,559,75,193,179,384,561
63,339,267,395,33,502,423,37,503,571,495,387,504,70,516,452,388,444,526,409,71,144,402,566,134,92,308,198,322,575,371,110,391,392,373,240,153,383,155,171,541,52
244,164,31,501,455,564,272,330,467,483,350,157,260,468,100,273,116,251,91,187,59,0,309,353,224,146,576,276,499,416,178,73,114,30,464,283
20,130,314,482,304,407,24,378,102,9,252,274,508,538,368,105,45,527,324,479,429,225,346,311,82,376
169,440,121,315,185,38,186,573,221,386,2,281,430,95
352,497
